t1,t2,d,k,approximation,fpt,approximation_time,fpt_time
"[23, 15, 42, 38, 44, 10, 54, 23, 73, 67, 2, 46, 31, 65, 19, 55, 36, 66, 69, 68, 31, 1, 46, 66, None, 52, 38, 67, 70, 27, 15, 39, 35, 36, 40, 24, 59, 4, 15, 30, 14, 37, 32, 72, 56, 12, 35, 66, 25, 27, 63, 22, 9, 20, 33, 24, 51, 15, 70, 71, 25, 77, 76, 52, 41, 69, 35, 0, 71, 14, 60, 51, 36, 62, 65, 13, 48, 42, 22, 30]","[23, 15, 42, 38, 44, 10, 54, 23, 73, 67, 2, 46, 31, 65, 22, 55, 36, 66, 69, 68, 31, 1, 46, 66, None, 52, 38, 67, 70, 27, 15, 39, 35, 36, 40, 24, 59, 4, 15, 52, 78, 37, 32, 72, 56, 12, 35, 66, 25, 27, 63, 22, 9, 20, 33, 58, 51, 15, 70, 71, 54, 77, 76, 52, 41, 69, 35, 0, 71, 78, 60, 51, 36, 62, 65, 13, 48, 42, 19, 30]",5,5,21,5,0.0024489490315318108,4077.770153945079
"[4, 29, 5, 27, 34, 52, 75, 36, 65, 25, 52, 24, 11, 52, 36, 78, 61, 56, 33, 44, 37, 33, 53, 40, 25, 4, 48, 36, 69, 20, 11, 59, 8, 6, None, 62, 38, 45, 41, 60, 32, 57, 15, 27, 65, 21, 41, 16, 59, 39, 74, 67, 29, 46, 29, 17, 78, 79, 51, 28, 19, 56, 40, 25, 70, 73, 1, 77, 65, 63, 77, 12, 41, 78, 56, 65, 72, 14, 9, 15]","[4, 29, 5, 27, 34, 52, 41, 36, 65, 25, 52, 24, 11, 52, 36, 78, 72, 56, 33, 44, 37, 33, 53, 40, 25, 4, 48, 36, 69, 20, 11, 59, 8, 46, None, 62, 38, 45, 41, 60, 32, 57, 15, 27, 65, 21, 75, 16, 59, 39, 74, 67, 29, 6, 29, 17, 78, 79, 37, 28, 19, 56, 40, 25, 70, 73, 1, 77, 65, 9, 77, 12, 41, 78, 56, 65, 72, 14, 9, 15]",5,5,23,5,0.0024422870483249426,4097.190985935042
"[51, 22, 7, 24, 47, 51, 53, 8, 59, 69, 45, 54, 22, 41, 61, 6, 63, 78, 78, 36, 78, 5, 35, 73, 41, 63, 63, 58, 31, None, 23, 5, 7, 26, 6, 43, 40, 43, 76, 41, 3, 25, 31, 29, 28, 29, 79, 12, 28, 62, 26, 60, 54, 22, 55, 24, 58, 19, 7, 20, 50, 13, 8, 29, 52, 56, 40, 16, 53, 77, 55, 63, 61, 8, 24, 22, 19, 24, 40, 73]","[75, 22, 7, 24, 47, 75, 53, 8, 59, 66, 45, 54, 22, 41, 61, 6, 63, 78, 78, 46, 78, 5, 35, 73, 41, 63, 63, 58, 31, None, 23, 5, 7, 26, 6, 43, 40, 43, 76, 41, 3, 25, 31, 29, 28, 29, 79, 12, 28, 62, 26, 22, 54, 22, 55, 24, 58, 19, 7, 20, 50, 13, 8, 29, 52, 56, 40, 13, 53, 77, 55, 63, 61, 8, 24, 60, 19, 24, 40, 73]",5,5,18,5,0.0022781980223953724,4127.219500937033
"[34, 47, 56, 24, 42, 77, 2, 52, 14, 45, 76, 7, 60, 43, 67, 65, None, 7, 33, 2, 30, 54, 65, 0, 34, 76, 63, 78, 65, 20, 38, 61, 52, 55, 14, 41, 16, 22, 52, 64, 68, 28, 41, 33, 17, 29, 24, 27, 11, 30, 19, 31, 16, 41, 63, 59, 62, 74, 7, 61, 8, 60, 36, 14, 13, 74, 50, 50, 72, 27, 1, 49, 39, 57, 6, 13, 78, 28, 4, 15]","[34, 47, 56, 24, 42, 77, 2, 52, 14, 45, 76, 7, 18, 43, 29, 65, None, 7, 33, 2, 30, 54, 65, 0, 34, 76, 63, 78, 64, 50, 38, 61, 52, 55, 14, 41, 16, 22, 52, 64, 68, 28, 41, 33, 17, 67, 24, 27, 11, 30, 19, 31, 16, 41, 63, 59, 62, 74, 57, 61, 8, 60, 36, 14, 13, 74, 50, 20, 72, 27, 1, 49, 39, 57, 6, 13, 78, 28, 4, 15]",5,5,19,5,0.002446681959554553,4087.992871629074
"[49, 30, 78, 26, 43, 53, 62, 13, 47, 3, 6, 44, 48, 65, 42, 73, 33, 30, 9, 50, 62, 0, 68, 45, 67, 41, 57, 14, 57, 33, 57, 39, 41, 14, 9, 27, 17, None, 73, 38, 6, 43, 15, 45, 34, 31, 29, 75, 18, 19, 30, 47, 53, 33, 29, 51, 1, 37, 61, 73, 19, 39, 48, 41, 1, 21, 73, 20, 61, 61, 57, 18, 45, 20, 32, 26, 0, 45, 39, 49]","[49, 30, 78, 26, 43, 53, 62, 68, 47, 3, 6, 44, 48, 51, 42, 73, 33, 30, 9, 50, 62, 0, 41, 45, 67, 55, 57, 14, 57, 33, 57, 39, 55, 14, 9, 27, 17, None, 73, 38, 6, 61, 15, 45, 34, 31, 29, 75, 18, 19, 30, 47, 53, 33, 29, 43, 1, 37, 61, 73, 19, 39, 48, 55, 9, 21, 73, 20, 65, 61, 57, 18, 45, 20, 32, 26, 0, 45, 39, 49]",5,5,16,5,0.0023642289452254772,4131.07047549705
"[50, 27, 79, 60, 12, 72, 46, 10, 16, 74, 16, 77, 9, 71, 73, 70, 36, 31, 57, 41, 58, 50, 44, 50, 60, 63, 27, 49, 46, 12, 69, 78, 75, 54, 56, 79, 79, 66, 43, 67, 31, 74, 79, 21, 73, 12, 17, 44, 75, 23, 55, 33, 76, 18, 9, 24, 74, 42, 48, 68, 48, 27, 79, 11, 35, 7, 0, 60, 48, 32, 50, 75, 20, 40, 46, 12, 43, 46, None, 43]","[50, 27, 79, 60, 56, 72, 46, 64, 16, 74, 8, 77, 9, 71, 73, 70, 36, 31, 57, 41, 58, 50, 44, 50, 60, 63, 27, 49, 46, 12, 69, 78, 75, 54, 67, 79, 79, 66, 43, 12, 31, 74, 79, 21, 73, 12, 17, 44, 75, 23, 55, 33, 76, 18, 9, 24, 74, 42, 48, 68, 48, 27, 79, 11, 35, 7, 0, 60, 48, 32, 50, 75, 20, 40, 46, 12, 43, 46, None, 43]",5,5,13,5,0.00227613584138453,4032.607346371049
"[1, None, 14, 37, 68, 39, 51, 18, 58, 21, 5, 43, 22, 1, 12, 2, 79, 46, 53, 22, 7, 36, 53, 67, 1, 67, 43, 54, 16, 30, 78, 36, 35, 65, 28, 14, 59, 38, 40, 26, 6, 33, 68, 13, 37, 72, 27, 56, 40, 58, 0, 41, 70, 61, 39, 21, 74, 22, 53, 17, 8, 66, 19, 52, 39, 62, 59, 78, 76, 24, 62, 33, 55, 1, 54, 23, 29, 52, 12, 55]","[1, None, 14, 37, 68, 39, 51, 18, 58, 39, 5, 43, 22, 1, 12, 2, 79, 46, 53, 22, 7, 36, 53, 26, 1, 67, 43, 9, 16, 30, 78, 35, 35, 65, 28, 14, 59, 38, 40, 26, 6, 33, 68, 13, 37, 72, 27, 56, 40, 58, 0, 41, 70, 61, 21, 21, 74, 22, 53, 17, 8, 66, 19, 52, 39, 34, 59, 78, 76, 24, 62, 33, 55, 1, 9, 23, 29, 52, 12, 55]",5,5,22,5,0.0024758169893175364,4081.547329713125
"[45, 38, 64, 28, 47, 60, 8, 31, 14, 11, 54, None, 33, 25, 15, 55, 42, 29, 37, 37, 61, 12, 74, 70, 23, 62, 20, 18, 11, 77, 34, 33, 42, 27, 2, 26, 6, 55, 79, 34, 39, 61, 68, 35, 42, 28, 22, 11, 76, 42, 23, 50, 32, 6, 56, 77, 39, 47, 78, 48, 20, 48, 16, 12, 35, 51, 77, 20, 46, 20, 74, 77, 25, 74, 33, 4, 9, 54, 64, 59]","[45, 38, 64, 28, 47, 6, 8, 31, 14, 11, 54, None, 33, 25, 15, 55, 42, 29, 37, 37, 61, 9, 74, 70, 23, 62, 20, 18, 11, 77, 34, 33, 42, 27, 2, 26, 60, 55, 79, 34, 39, 61, 68, 35, 42, 28, 22, 11, 76, 42, 47, 50, 32, 6, 56, 35, 39, 47, 78, 48, 20, 48, 16, 12, 35, 51, 77, 20, 46, 20, 74, 77, 25, 74, 33, 4, 9, 54, 64, 59]",5,5,22,5,0.0022713050711899996,4036.0780589089263
"[13, 36, 69, 51, 75, 30, 25, 2, 6, 23, 77, 52, 28, 67, 62, 64, 76, 62, 58, 36, 18, 22, 63, 39, 28, 22, 18, 67, 46, 46, 48, 42, 70, 55, 5, 1, 18, 45, 63, 52, 8, 44, 10, 45, 12, 30, None, 23, 75, 29, 39, 54, 70, 25, 25, 78, 36, 34, 54, 7, 70, 70, 54, 23, 30, 63, 19, 44, 39, 26, 10, 5, 29, 48, 13, 42, 55, 72, 42, 33]","[13, 36, 69, 51, 75, 30, 25, 2, 6, 23, 0, 52, 28, 67, 62, 64, 76, 62, 58, 36, 18, 22, 74, 39, 28, 22, 18, 67, 46, 46, 48, 42, 70, 55, 13, 1, 18, 45, 74, 52, 8, 44, 10, 45, 12, 30, None, 23, 75, 29, 39, 54, 70, 25, 25, 78, 36, 63, 54, 7, 70, 70, 54, 5, 40, 74, 19, 44, 39, 26, 10, 5, 29, 48, 23, 42, 55, 72, 42, 33]",5,5,18,5,0.0023575671948492527,4133.131928571034
"[1, 27, 39, 59, 53, 56, 49, 69, 46, 33, 72, 15, 52, 50, 57, 65, 60, 27, 24, 1, 27, 78, 16, 27, 9, 37, 43, 66, 60, 59, 15, 5, 24, 19, 66, 42, 48, 56, 34, 57, 1, 34, None, 9, 17, 63, 62, 45, 13, 2, 47, 66, 32, 27, 62, 8, 43, 24, 42, 60, 41, 20, 78, 42, 8, 12, 36, 63, 3, 16, 52, 29, 32, 24, 51, 21, 25, 32, 58, 14]","[1, 27, 39, 59, 62, 19, 49, 69, 46, 33, 72, 15, 52, 50, 24, 46, 60, 27, 24, 1, 27, 78, 16, 27, 9, 37, 43, 66, 60, 59, 15, 5, 57, 19, 66, 42, 48, 56, 34, 57, 1, 34, None, 9, 17, 63, 62, 45, 13, 2, 47, 66, 14, 27, 62, 8, 43, 24, 42, 60, 41, 20, 78, 42, 8, 12, 36, 63, 3, 16, 52, 29, 14, 24, 51, 21, 25, 14, 58, 32]",5,5,28,5,0.002399815944954753,4110.690396478865
"[53, 12, 34, 71, 21, 31, 51, 15, 51, 13, 38, 51, 50, 66, 58, 39, 58, 56, 1, 65, 49, 40, 0, 45, 20, 12, 65, 68, 3, 37, 45, 76, 28, 54, 12, 32, 48, 9, 61, 51, 1, 24, 12, 62, 1, 39, 35, 65, 61, 78, 39, 22, 31, None, 15, 6, 32, 39, 13, 76, 44, 20, 72, 47, 62, 37, 51, 74, 12, 35, 12, 15, 12, 1, 77, 49, 9, 78, 7, 50]","[53, 12, 34, 71, 21, 31, 51, 15, 51, 13, 38, 51, 50, 66, 58, 39, 58, 56, 1, 65, 49, 40, 0, 45, 20, 12, 65, 68, 3, 22, 45, 76, 28, 54, 12, 32, 48, 9, 61, 51, 1, 24, 12, 62, 1, 39, 35, 65, 61, 78, 39, 22, 31, None, 15, 6, 32, 39, 13, 76, 44, 20, 72, 47, 62, 37, 51, 12, 12, 35, 48, 15, 12, 45, 77, 49, 9, 78, 7, 50]",5,5,18,4,0.0021498589776456356,38.52678343001753
"[38, 42, 64, 55, 1, 20, 25, 46, None, 13, 65, 67, 31, 32, 52, 21, 24, 65, 38, 38, 24, 2, 72, 42, 74, 8, 46, 41, 77, 65, 41, 29, 19, 62, 23, 61, 30, 33, 60, 69, 31, 67, 6, 34, 40, 11, 55, 72, 64, 30, 53, 55, 9, 31, 72, 10, 77, 72, 46, 43, 1, 75, 43, 8, 68, 8, 59, 60, 23, 65, 30, 54, 49, 43, 41, 20, 6, 8, 45, 43]","[38, 42, 64, 12, 1, 20, 25, 36, None, 13, 65, 67, 31, 32, 52, 21, 24, 65, 40, 38, 24, 2, 72, 42, 74, 8, 36, 41, 77, 65, 41, 29, 19, 62, 23, 61, 55, 33, 60, 69, 31, 67, 6, 34, 40, 11, 45, 72, 64, 30, 53, 55, 9, 31, 72, 10, 77, 72, 36, 43, 1, 75, 43, 8, 68, 8, 59, 60, 23, 65, 30, 54, 49, 43, 41, 20, 6, 8, 45, 43]",5,5,17,5,0.0023762318305671215,4094.166832244955
"[37, 67, 60, 43, 45, 13, 42, 73, 64, 75, 18, 43, 70, 36, 5, 27, 42, 32, 63, 46, 64, 75, 58, 4, 42, 5, 24, 34, 26, 54, 73, 46, 77, 2, 19, 30, 73, 4, 18, 25, 42, 25, 32, 75, 20, 50, 32, 48, 10, 0, 16, 12, 38, 35, 5, 33, 68, 9, 4, 65, 19, 74, 46, 33, 26, 18, 57, 61, 66, 75, 5, 63, 49, None, 36, 22, 45, 14, 36, 69]","[37, 67, 60, 43, 45, 13, 5, 73, 64, 75, 18, 43, 70, 36, 32, 27, 14, 32, 63, 46, 64, 75, 58, 4, 14, 5, 24, 34, 26, 54, 73, 46, 77, 2, 19, 30, 73, 4, 18, 25, 14, 25, 14, 75, 20, 50, 32, 48, 10, 0, 77, 12, 38, 35, 5, 33, 68, 9, 4, 65, 19, 74, 46, 33, 39, 18, 57, 61, 66, 75, 5, 63, 49, None, 36, 22, 45, 6, 36, 69]",5,5,18,5,0.002472942927852273,4120.241572158877
"[18, 50, 19, 72, 68, 40, 27, 43, 29, 69, 2, 22, 5, 74, 46, 9, 19, 29, 60, 8, 1, 28, 17, 27, 79, 34, 10, 46, 7, 58, 64, 43, 60, 68, 11, 10, 6, 30, 31, 48, 62, 58, 60, 57, 40, 21, 35, 78, 36, 53, 65, 32, 65, 40, 57, 9, 42, 0, None, 75, 2, 38, 74, 77, 68, 77, 40, 55, 38, 6, 53, 78, 53, 36, 33, 57, 25, 21, 59, 51]","[18, 50, 19, 72, 68, 40, 27, 43, 34, 69, 2, 22, 5, 74, 29, 9, 19, 34, 60, 8, 65, 28, 17, 27, 35, 29, 10, 46, 7, 11, 64, 43, 60, 68, 58, 10, 6, 30, 31, 48, 62, 58, 60, 57, 40, 21, 35, 78, 36, 53, 65, 32, 65, 40, 57, 9, 42, 0, None, 75, 2, 38, 74, 77, 68, 77, 40, 55, 38, 6, 53, 78, 53, 36, 33, 57, 25, 21, 59, 51]",5,5,17,5,0.0024070199579000473,4109.195968643995
"[16, 19, 67, 73, 67, 15, 15, 14, 20, 2, 2, 66, 76, 34, 42, 48, 40, 61, 40, 79, 43, 69, 4, 72, 10, 56, 75, 37, 20, 70, 31, 60, 55, 21, 29, 29, 27, 55, 21, 41, 4, 17, 12, 12, 9, 24, 16, 21, None, 8, 3, 4, 13, 29, 15, 71, 77, 26, 54, 22, 1, 25, 69, 74, 28, 49, 14, 33, 42, 48, 33, 23, 43, 40, 26, 55, 38, 12, 22, 62]","[6, 19, 67, 73, 67, 15, 15, 14, 10, 2, 2, 66, 76, 34, 42, 48, 50, 61, 40, 79, 43, 69, 4, 72, 20, 56, 75, 37, 20, 70, 31, 60, 55, 21, 29, 29, 27, 55, 21, 41, 4, 17, 12, 12, 9, 8, 16, 21, None, 24, 3, 4, 13, 29, 15, 71, 77, 26, 54, 22, 1, 25, 69, 74, 28, 49, 14, 33, 42, 48, 31, 23, 43, 40, 26, 55, 38, 12, 22, 62]",5,5,18,5,0.002481789095327258,4075.793466002913
"[30, 59, 14, 17, 51, 1, 23, 76, 14, 55, 61, 50, 36, 75, 45, 39, 14, 4, 42, 1, 14, 9, 67, 7, 78, 22, 64, 62, 63, 41, 18, 3, 35, 17, 39, 65, 69, 64, 8, 2, 34, 21, None, 47, 48, 18, 77, 27, 12, 60, 35, 14, 25, 55, 61, 51, 10, 73, 9, 11, 52, 64, 42, 74, 48, 61, 12, 7, 49, 9, 79, 48, 28, 40, 54, 22, 5, 50, 45, 2]","[30, 59, 14, 17, 51, 1, 23, 76, 14, 12, 48, 50, 45, 75, 45, 39, 14, 4, 42, 1, 14, 36, 67, 7, 78, 22, 64, 62, 63, 41, 18, 3, 35, 17, 39, 65, 55, 64, 8, 2, 34, 21, None, 47, 9, 18, 77, 27, 64, 60, 35, 14, 25, 55, 48, 51, 10, 73, 36, 11, 52, 69, 42, 74, 9, 48, 12, 7, 49, 36, 79, 9, 28, 40, 54, 22, 5, 50, 45, 2]",5,5,20,5,0.002720485907047987,4240.058063046075
"[19, 73, 24, 23, 19, 79, 69, 70, 12, 22, 45, 71, 33, 11, 9, 0, 69, 19, 31, 70, 76, 50, 49, 58, 67, 35, 0, 53, 59, 75, 43, 34, 45, 50, 11, 17, 3, 51, 29, 0, 12, 30, 45, 1, 23, 55, 44, 74, 16, None, 16, 59, 70, 20, 23, 63, 42, 27, 64, 66, 19, 51, 60, 75, 12, 38, 12, 71, 0, 39, 22, 78, 58, 31, 45, 67, 3, 56, 15, 63]","[19, 73, 24, 23, 19, 79, 69, 70, 12, 22, 45, 71, 33, 11, 9, 0, 69, 19, 31, 70, 76, 50, 49, 58, 67, 35, 29, 53, 59, 75, 43, 34, 45, 50, 11, 17, 3, 51, 0, 0, 12, 30, 45, 1, 23, 55, 44, 74, 16, None, 16, 59, 70, 20, 23, 63, 42, 27, 14, 66, 19, 51, 60, 75, 12, 26, 12, 71, 0, 39, 22, 78, 75, 31, 45, 67, 3, 75, 15, 63]",5,5,12,5,0.002312442986294627,4109.699053111952
"[11, 0, 37, 27, 6, 30, 35, 30, 67, 59, 58, 65, 39, 7, 53, 72, 21, 4, 34, 39, 27, 66, 3, 52, 74, 70, 55, 32, 77, 68, 8, 19, 79, 30, 71, 13, 40, 64, 12, 43, 70, 66, 2, 42, 36, 12, 62, 72, 31, 68, 4, 37, 2, 51, 9, 70, 1, 18, 1, 12, 41, 16, 19, 53, None, 77, 17, 45, 24, 30, 24, 52, 19, 1, 58, 35, 58, 7, 48, 16]","[11, 0, 37, 27, 6, 30, 35, 30, 67, 59, 58, 65, 39, 7, 53, 16, 72, 4, 34, 21, 27, 66, 3, 52, 74, 70, 55, 32, 77, 68, 8, 72, 79, 30, 71, 13, 40, 64, 12, 43, 70, 52, 2, 42, 36, 12, 62, 16, 31, 68, 4, 37, 2, 51, 9, 70, 1, 18, 1, 12, 41, 31, 72, 53, None, 77, 17, 45, 24, 30, 24, 52, 39, 1, 58, 35, 58, 7, 48, 19]",5,5,18,5,0.0024942129384726286,4159.282993848901
"[69, 21, 69, 5, 19, 59, 2, 41, 9, 55, 77, 57, 40, 58, 2, 58, 49, 38, 70, 12, 15, 74, 10, 73, 56, 27, 45, 32, 6, 17, 43, 32, 12, 66, 49, 25, 72, 60, 23, 44, 46, 14, 21, 74, 67, 18, 70, 59, 43, 14, 62, 4, 33, 2, 71, 14, 26, 16, 60, 7, 11, 77, 48, 6, 35, 61, 8, 14, 20, None, 63, 40, 23, 30, 58, 35, 29, 11, 9, 5]","[69, 21, 69, 5, 19, 59, 2, 41, 63, 55, 77, 57, 40, 58, 2, 58, 49, 38, 8, 12, 15, 74, 10, 57, 56, 27, 45, 32, 6, 17, 43, 32, 12, 66, 49, 25, 72, 60, 23, 70, 46, 14, 21, 74, 9, 18, 8, 59, 43, 14, 62, 4, 33, 2, 71, 14, 26, 16, 60, 7, 11, 77, 48, 6, 35, 69, 44, 14, 20, None, 67, 40, 23, 30, 58, 35, 29, 11, 9, 5]",5,5,17,5,0.0025299990084022284,4188.499878111994
"[13, 29, 1, 5, 47, 9, None, 15, 20, 58, 71, 21, 47, 42, 34, 41, 27, 3, 42, 60, 43, 12, 12, 68, 39, 73, 59, 75, 75, 10, 75, 64, 43, 48, 31, 19, 62, 51, 6, 60, 30, 8, 8, 38, 66, 7, 11, 49, 52, 14, 75, 62, 31, 36, 59, 60, 30, 70, 66, 8, 31, 79, 10, 70, 38, 5, 77, 63, 52, 76, 33, 39, 58, 16, 50, 22, 11, 22, 9, 22]","[13, 29, 1, 5, 47, 9, None, 15, 20, 58, 71, 21, 47, 42, 34, 41, 8, 3, 42, 60, 43, 12, 12, 68, 47, 73, 16, 75, 75, 10, 75, 64, 43, 48, 31, 19, 62, 51, 6, 60, 30, 8, 8, 38, 66, 7, 11, 49, 52, 14, 75, 62, 31, 36, 16, 60, 30, 70, 66, 39, 31, 62, 10, 70, 38, 5, 77, 63, 52, 76, 33, 39, 58, 24, 50, 22, 11, 22, 9, 22]",5,5,20,5,0.0024567428044974804,4123.7095222459175
"[10, 61, 26, 44, 50, 58, 78, 21, 6, 45, 56, 7, 60, 49, 32, 6, 65, 61, 54, 49, 29, 58, 20, 76, 79, 38, 12, 2, 67, 6, 46, 40, 48, 52, 62, 2, 5, 63, 59, 10, 25, 9, 55, 23, 7, 47, 35, 54, 57, 67, 56, 14, 63, 51, 6, 43, 14, 16, 43, 20, None, 62, 68, 5, 10, 27, 15, 59, 0, 25, 10, 19, 3, 20, 19, 25, 64, 7, 12, 10]","[10, 61, 26, 44, 50, 58, 27, 21, 6, 45, 56, 7, 60, 49, 32, 6, 65, 61, 54, 49, 29, 58, 20, 76, 79, 38, 12, 12, 67, 6, 46, 40, 48, 52, 62, 2, 5, 63, 59, 10, 25, 9, 55, 23, 7, 47, 35, 23, 57, 12, 56, 14, 63, 51, 6, 43, 14, 16, 43, 20, None, 62, 68, 5, 10, 78, 15, 59, 0, 25, 10, 65, 3, 20, 19, 25, 64, 7, 2, 10]",5,5,20,5,0.0023911502212285995,4110.1962993040215
"[21, 66, 16, 71, None, 1, 70, 52, 34, 14, 4, 50, 44, 46, 40, 60, 76, 67, 75, 23, 17, 60, 38, 1, 64, 74, 17, 60, 38, 47, 2, 51, 67, 29, 6, 31, 31, 19, 78, 66, 15, 76, 14, 36, 28, 41, 37, 26, 31, 59, 54, 30, 46, 24, 10, 5, 5, 53, 57, 18, 30, 67, 55, 62, 63, 3, 28, 38, 78, 68, 1, 29, 24, 79, 5, 12, 25, 8, 50, 22]","[21, 66, 52, 71, None, 1, 70, 68, 34, 14, 4, 53, 44, 46, 40, 60, 76, 67, 75, 23, 17, 60, 38, 1, 64, 74, 17, 60, 38, 47, 7, 51, 67, 29, 6, 31, 31, 19, 78, 66, 15, 76, 14, 36, 28, 39, 37, 26, 31, 59, 54, 30, 46, 24, 10, 5, 5, 53, 57, 18, 30, 67, 55, 62, 63, 3, 28, 38, 78, 68, 1, 29, 24, 79, 5, 12, 25, 8, 50, 22]",5,5,18,5,0.002476078923791647,4086.3899936610833
"[23, 0, 65, 76, 66, 41, 40, 37, 64, 72, 0, 67, 22, 7, 63, 38, 15, 24, 50, 63, 19, 29, 19, 39, 16, 5, 21, 22, 20, 37, 18, 42, 11, 61, 33, 18, 19, 9, 66, 22, 76, None, 5, 30, 17, 51, 24, 8, 10, 79, 70, 63, 15, 27, 13, 33, 54, 78, 34, 11, 64, 73, 0, 79, 32, 59, 32, 25, 79, 6, 73, 58, 27, 6, 32, 33, 9, 55, 15, 46]","[23, 0, 65, 59, 66, 41, 40, 37, 64, 72, 0, 67, 22, 7, 63, 38, 15, 24, 50, 63, 19, 29, 19, 39, 16, 5, 21, 53, 20, 37, 18, 42, 11, 61, 33, 18, 19, 9, 66, 22, 76, None, 5, 30, 17, 51, 24, 8, 10, 79, 70, 63, 15, 22, 13, 33, 54, 78, 34, 11, 64, 13, 0, 79, 32, 59, 32, 25, 79, 6, 73, 58, 53, 6, 25, 33, 9, 55, 15, 46]",5,5,22,5,0.0024224279914051294,4091.5327594731934
"[14, 26, 0, 63, 33, 27, 12, 69, 25, 55, 76, 20, 35, 73, 27, 59, 59, 37, 78, 1, 52, 40, 67, 33, None, 51, 10, 34, 15, 75, 56, 18, 3, 37, 22, 51, 51, 2, 39, 47, 68, 37, 12, 9, 25, 66, 73, 44, 74, 1, 46, 24, 68, 6, 61, 40, 21, 26, 29, 34, 29, 24, 33, 56, 73, 67, 29, 64, 59, 9, 40, 72, 6, 58, 36, 54, 21, 1, 49, 4]","[14, 26, 0, 63, 33, 27, 12, 69, 25, 55, 76, 20, 35, 73, 27, 59, 59, 37, 78, 1, 52, 74, 67, 33, None, 51, 13, 34, 15, 75, 56, 18, 3, 37, 22, 51, 8, 2, 39, 47, 68, 37, 12, 9, 25, 66, 73, 44, 40, 1, 46, 24, 68, 6, 61, 40, 48, 26, 29, 34, 29, 24, 33, 56, 73, 64, 29, 64, 59, 9, 40, 72, 6, 58, 36, 54, 48, 1, 49, 4]",5,5,21,5,0.0024258450139313936,4082.04615130811
"[69, 73, 76, 74, 57, 47, 28, 57, 54, 20, 37, 0, 44, 10, 78, 59, 32, 43, 58, 25, 28, 79, 4, 67, 46, 50, 43, 51, 53, 55, 11, 15, 72, 11, 11, 57, 9, None, 44, 56, 3, 53, 78, 21, 37, 10, 54, 1, 0, 44, 47, 40, 31, 19, 16, 16, 69, 10, 45, 7, 46, 23, 5, 60, 76, 40, 63, 52, 54, 64, 33, 42, 47, 37, 2, 43, 1, 66, 8, 7]","[69, 73, 76, 74, 57, 47, 28, 57, 54, 75, 37, 0, 44, 10, 78, 59, 32, 43, 58, 25, 10, 74, 4, 67, 46, 50, 43, 51, 53, 55, 11, 15, 72, 11, 11, 57, 9, None, 44, 56, 3, 53, 78, 21, 37, 43, 54, 1, 0, 44, 47, 40, 31, 19, 16, 16, 69, 28, 20, 7, 46, 23, 5, 60, 76, 40, 63, 52, 54, 64, 33, 42, 47, 37, 2, 28, 1, 66, 8, 7]",5,5,19,5,0.0024238410405814648,4113.501551748021
"[52, 57, 24, 68, 62, 41, 58, 33, 55, 10, 66, 18, 48, 44, 1, 50, 37, 33, 73, 28, 51, 32, 43, 16, 10, 19, 36, 46, 79, 24, 15, 75, 47, 45, 75, 75, 66, 4, 53, 10, 49, 35, 54, 71, 19, 23, 26, 7, 11, 76, 7, 2, 15, 27, 59, 69, 62, 44, 63, 12, 46, 3, 65, 64, 48, 20, 13, 1, 12, 54, 35, 17, 65, 77, 23, 50, 6, None, 37, 63]","[52, 51, 24, 68, 62, 41, 58, 33, 57, 10, 66, 55, 48, 44, 8, 50, 37, 33, 73, 28, 18, 32, 43, 16, 10, 19, 36, 46, 79, 24, 15, 75, 47, 45, 75, 75, 66, 4, 53, 10, 49, 35, 54, 71, 19, 23, 26, 7, 20, 76, 7, 2, 15, 27, 59, 69, 62, 44, 63, 12, 46, 3, 65, 64, 48, 1, 13, 8, 12, 54, 64, 17, 65, 77, 23, 50, 6, None, 37, 63]",5,5,19,5,0.002562229987233877,4201.3231447411235
"[15, 27, 20, 41, 41, 36, 67, 9, 10, 59, 2, 22, 72, 68, 30, 3, 41, 51, 13, 32, 32, 69, 60, 72, 27, 22, 35, 0, 18, 34, 47, 9, 64, 0, 55, 24, 51, 78, 54, 67, 44, 63, 13, 34, 46, 52, 54, 63, 11, 28, 76, 74, 71, 24, 72, 57, 79, 0, 54, 33, 7, 55, 21, 62, 52, 78, 74, 58, 22, None, 53, 68, 56, 76, 19, 53, 1, 26, 17, 55]","[15, 27, 20, 41, 41, 36, 67, 9, 10, 59, 27, 22, 72, 68, 30, 3, 41, 51, 11, 42, 32, 69, 60, 72, 27, 22, 35, 0, 48, 42, 47, 9, 64, 0, 55, 24, 51, 78, 54, 67, 44, 63, 13, 34, 46, 52, 54, 63, 13, 28, 76, 74, 71, 24, 72, 57, 79, 0, 54, 33, 7, 55, 21, 62, 52, 78, 74, 58, 22, None, 53, 68, 56, 76, 19, 53, 1, 26, 17, 55]",5,5,15,5,0.0023846179246902466,4090.908478698926
"[None, 0, 13, 15, 68, 46, 60, 1, 40, 72, 46, 58, 50, 7, 19, 37, 39, 73, 25, 39, 59, 9, 74, 18, 51, 67, 64, 61, 24, 12, 44, 7, 48, 25, 79, 77, 38, 33, 8, 37, 77, 65, 65, 57, 76, 63, 7, 54, 70, 56, 18, 63, 68, 75, 44, 60, 8, 69, 61, 23, 20, 78, 32, 7, 70, 9, 65, 54, 33, 38, 22, 6, 23, 66, 76, 21, 61, 55, 10, 58]","[None, 0, 13, 15, 68, 46, 60, 1, 40, 72, 46, 58, 38, 7, 19, 37, 39, 73, 25, 39, 59, 9, 74, 33, 51, 67, 64, 61, 24, 12, 44, 7, 48, 25, 79, 77, 66, 33, 18, 37, 77, 65, 65, 57, 76, 63, 7, 79, 70, 56, 65, 63, 68, 75, 44, 60, 8, 69, 61, 23, 20, 78, 32, 7, 70, 9, 8, 54, 33, 66, 22, 6, 23, 50, 76, 21, 61, 55, 10, 58]",5,5,19,5,0.002489804057404399,4118.09309093398
"[64, 57, 51, 34, 17, 58, 41, 6, 60, 78, 51, 33, 24, 38, 19, 66, 18, 30, 31, 30, 14, 1, 70, 75, 28, 65, 62, 43, 36, 0, 68, 78, 65, 22, 5, 70, None, 43, 64, 27, 30, 43, 9, 78, 30, 0, 60, 27, 23, 42, 38, 78, 33, 24, 50, 12, 29, 24, 26, 32, 51, 57, 76, 18, 24, 74, 7, 34, 71, 70, 68, 55, 17, 72, 16, 28, 29, 19, 75, 78]","[64, 57, 51, 34, 17, 58, 41, 78, 60, 78, 51, 33, 24, 38, 19, 66, 18, 30, 31, 30, 14, 1, 70, 75, 28, 65, 62, 43, 36, 0, 68, 78, 65, 22, 5, 70, None, 43, 64, 27, 30, 43, 9, 78, 30, 0, 60, 27, 23, 42, 38, 78, 33, 24, 50, 6, 29, 24, 26, 32, 51, 57, 53, 18, 24, 74, 55, 34, 71, 70, 68, 77, 17, 72, 16, 28, 29, 12, 75, 19]",5,5,20,5,0.002321328967809677,4109.856979019009
"[59, 46, 75, 76, 34, 75, 65, 77, 58, 73, 64, 19, 59, 56, 66, 12, 52, 8, 15, 31, 42, 4, 59, 56, 59, 21, 23, 0, 79, 23, 58, None, 66, 12, 75, 58, 20, 64, 35, 35, 17, 38, 72, 34, 63, 54, 49, 32, 74, 31, 59, 31, 51, 4, 67, 40, 73, 42, 77, 72, 24, 9, 18, 24, 73, 69, 7, 9, 63, 23, 2, 28, 51, 60, 15, 36, 77, 67, 33, 30]","[59, 18, 75, 66, 34, 75, 65, 77, 58, 73, 64, 19, 59, 56, 66, 12, 52, 8, 49, 31, 42, 4, 59, 56, 59, 15, 23, 0, 79, 23, 58, None, 66, 12, 75, 58, 20, 64, 35, 35, 17, 38, 72, 34, 63, 54, 21, 32, 74, 31, 59, 31, 51, 4, 67, 40, 44, 42, 77, 72, 24, 9, 25, 24, 73, 69, 7, 9, 63, 23, 2, 28, 51, 60, 15, 36, 77, 67, 33, 30]",5,5,18,5,0.0023251159582287073,4122.236355507979
"[2, 16, 1, 71, 79, 15, 70, 48, 68, 5, 61, 71, None, 66, 77, 45, 51, 46, 30, 46, 75, 26, 49, 62, 29, 32, 54, 22, 19, 73, 60, 39, 59, 8, 7, 36, 30, 48, 75, 77, 74, 22, 48, 63, 29, 46, 72, 41, 33, 60, 8, 25, 66, 22, 45, 15, 1, 69, 50, 14, 63, 46, 38, 40, 79, 79, 29, 45, 16, 71, 60, 26, 12, 64, 50, 51, 51, 64, 75, 9]","[2, 60, 1, 71, 79, 15, 70, 48, 68, 5, 61, 71, None, 66, 77, 45, 51, 46, 30, 46, 75, 26, 49, 62, 29, 32, 54, 22, 19, 73, 60, 39, 59, 8, 7, 36, 0, 12, 75, 77, 74, 22, 48, 63, 29, 46, 37, 41, 33, 60, 8, 25, 66, 22, 45, 45, 1, 69, 50, 14, 63, 46, 38, 40, 79, 79, 29, 45, 16, 71, 60, 26, 48, 64, 50, 51, 51, 64, 75, 9]",5,5,18,5,0.002320659114047885,4065.515694235917
"[73, 33, 34, 6, 11, 31, 15, 31, 19, 19, 34, 49, 7, 28, 23, 17, 69, 10, 13, 74, 3, 57, 75, 16, 36, 33, 1, 16, 24, 33, 39, 57, 34, 15, 16, 30, 67, 29, 48, 67, 31, 45, 56, 15, 15, 55, 63, 77, 66, 37, 33, 31, 65, 50, 9, 9, 78, 61, 46, 3, 59, 16, 23, 78, 74, 36, 57, None, 37, 30, 2, 56, 19, 12, 7, 16, 5, 8, 23, 28]","[73, 33, 34, 38, 11, 31, 15, 31, 19, 19, 34, 49, 7, 28, 23, 17, 69, 10, 13, 74, 3, 57, 75, 16, 36, 33, 1, 16, 24, 33, 39, 57, 34, 15, 16, 30, 67, 29, 15, 67, 31, 45, 56, 15, 78, 55, 63, 77, 66, 37, 33, 57, 65, 50, 9, 9, 78, 61, 46, 3, 59, 16, 23, 78, 74, 36, 57, None, 37, 30, 2, 56, 19, 12, 7, 16, 5, 8, 23, 28]",5,5,15,4,0.0022887890227138996,38.99077528808266
"[14, 12, 79, 29, 18, 31, 58, 21, 67, 45, 77, 40, 47, 17, 29, 34, 10, 65, 76, 48, 77, 46, 48, 44, 56, 53, 15, 33, 71, 57, 2, 71, 41, 68, 41, 41, 23, 2, 6, 38, None, 79, 76, 14, 43, 55, 64, 20, 41, 74, 77, 12, 30, 76, 30, 38, 62, 64, 60, 1, 18, 7, 23, 74, 47, 77, 26, 19, 48, 58, 15, 11, 47, 4, 4, 59, 3, 31, 5, 39]","[14, 12, 79, 29, 18, 31, 58, 21, 67, 45, 77, 40, 47, 17, 29, 34, 10, 65, 76, 48, 77, 46, 48, 44, 56, 30, 15, 33, 71, 57, 2, 71, 41, 68, 41, 41, 23, 28, 6, 38, None, 79, 76, 14, 47, 55, 49, 20, 41, 47, 77, 12, 30, 76, 30, 38, 62, 49, 60, 1, 18, 7, 23, 74, 74, 77, 26, 19, 48, 58, 15, 11, 47, 4, 4, 59, 3, 31, 5, 39]",5,5,19,5,0.002411067020148039,4098.63862475194
"[16, 6, 22, 19, 22, 40, 2, 49, 56, 7, 29, 20, 44, 28, 69, 53, 14, 55, 27, 65, 2, 69, 9, 26, 55, 19, 29, 16, 3, None, 70, 35, 77, 48, 57, 12, 52, 30, 75, 55, 20, 15, 36, 36, 10, 7, 60, 24, 10, 48, 20, 46, 40, 18, 6, 54, 58, 39, 37, 55, 49, 16, 7, 38, 31, 16, 40, 1, 72, 6, 57, 76, 3, 51, 3, 37, 74, 20, 34, 54]","[37, 6, 22, 19, 22, 40, 2, 49, 56, 7, 29, 20, 44, 28, 69, 53, 30, 55, 27, 65, 2, 69, 9, 26, 55, 19, 29, 37, 3, None, 70, 75, 77, 48, 57, 12, 52, 14, 75, 55, 20, 15, 36, 36, 10, 55, 60, 24, 10, 48, 20, 46, 40, 18, 6, 54, 58, 39, 16, 55, 49, 37, 7, 38, 31, 37, 40, 1, 72, 6, 57, 76, 3, 51, 3, 16, 74, 20, 34, 54]",5,5,17,4,0.002510943915694952,40.58064068201929
"[30, 50, 52, 24, 65, 44, 8, 60, 42, 8, 23, 24, 23, 48, 20, 56, 1, 31, 44, None, 58, 17, 38, 54, 62, 7, 60, 76, 16, 7, 41, 74, 16, 43, 19, 4, 30, 4, 60, 16, 58, 5, 19, 62, 78, 18, 26, 14, 79, 31, 78, 17, 71, 61, 15, 31, 67, 14, 4, 31, 31, 45, 15, 3, 5, 44, 41, 75, 75, 39, 59, 7, 26, 43, 16, 61, 11, 47, 9, 22]","[30, 50, 52, 24, 65, 44, 8, 60, 42, 8, 23, 24, 18, 48, 20, 70, 1, 31, 44, None, 58, 17, 38, 54, 62, 7, 60, 55, 16, 7, 41, 74, 16, 43, 19, 4, 30, 4, 60, 16, 38, 5, 19, 62, 78, 23, 26, 14, 79, 31, 78, 17, 71, 61, 15, 31, 67, 14, 4, 31, 31, 12, 15, 3, 5, 44, 41, 75, 75, 39, 59, 7, 26, 43, 16, 61, 11, 47, 9, 22]",5,5,20,5,0.002272638026624918,4103.361019853968
"[77, 24, 1, 36, 33, 69, 65, 67, 7, 20, 51, 58, 31, 2, 17, 44, 60, None, 77, 57, 72, 36, 28, 73, 17, 77, 5, 67, 31, 7, 11, 25, 39, 12, 69, 74, 63, 10, 14, 60, 27, 72, 6, 58, 29, 13, 45, 54, 29, 35, 7, 78, 45, 16, 16, 31, 75, 53, 18, 60, 29, 33, 64, 66, 72, 62, 48, 31, 47, 44, 79, 45, 45, 65, 39, 40, 25, 23, 22, 77]","[77, 24, 1, 34, 33, 69, 65, 67, 7, 20, 51, 58, 31, 2, 5, 44, 60, None, 77, 57, 72, 36, 28, 65, 17, 77, 17, 67, 31, 7, 11, 25, 39, 12, 69, 74, 63, 10, 26, 60, 27, 72, 6, 58, 29, 13, 45, 54, 29, 35, 7, 78, 45, 16, 16, 31, 75, 53, 18, 60, 29, 33, 64, 66, 72, 62, 48, 31, 47, 44, 79, 45, 45, 65, 39, 40, 25, 23, 32, 77]",5,5,16,5,0.00235193595290184,4084.5452837760095
"[2, 5, 45, 70, 2, 76, 18, 35, 41, 6, 29, 26, 77, 14, 32, 9, 68, 23, None, 24, 16, 58, 63, 7, 37, 66, 42, 14, 11, 34, 23, 45, 5, 45, 61, 62, 33, 58, 34, 19, 28, 39, 69, 19, 50, 79, 42, 71, 66, 62, 15, 38, 2, 62, 42, 52, 54, 5, 55, 77, 71, 74, 45, 66, 10, 8, 58, 62, 74, 3, 6, 6, 38, 26, 0, 27, 79, 63, 44, 56]","[2, 5, 45, 70, 2, 76, 54, 35, 41, 6, 29, 26, 77, 14, 32, 9, 68, 23, 42, 24, 16, 58, 63, 7, 37, 66, 42, 14, 11, 34, 23, 45, 5, 31, 61, 62, 33, 58, 34, 19, 28, 39, 69, 75, 50, 79, 42, 37, 66, 62, 15, 38, 2, 62, None, 52, 18, 5, 55, 77, 71, 74, 45, 66, 10, 8, 58, 62, 74, 3, 6, 6, 38, 26, 0, 27, 79, 63, 44, 56]",5,5,18,5,0.0024076211266219616,4107.868787389947
"[78, 53, 13, 49, 78, 55, 58, 15, 76, 62, 43, 65, 21, 54, 0, 3, 24, 16, 6, 9, 64, 50, 68, 22, 55, 59, 51, 48, 48, 46, 9, 56, 20, 0, 58, 49, 34, 44, 42, 15, 54, 21, 34, 11, 8, 77, 10, 71, 78, 59, None, 63, 68, 12, 32, 35, 65, 40, 16, 12, 37, 35, 60, 47, 18, 78, 40, 11, 17, 66, 9, 73, 4, 77, 25, 18, 24, 43, 19, 63]","[78, 53, 13, 49, 78, 25, 58, 15, 76, 62, 43, 65, 21, 54, 0, 3, 24, 16, 6, 9, 64, 50, 68, 22, 55, 59, 51, 48, 48, 46, 9, 56, 20, 0, 58, 49, 34, 44, 42, 15, 54, 21, 34, 11, 8, 77, 10, 71, 78, 59, None, 63, 68, 12, 32, 35, 65, 40, 16, 12, 37, 35, 44, 47, 18, 78, 55, 11, 17, 74, 9, 73, 4, 77, 40, 50, 24, 43, 19, 63]",5,5,18,5,0.0023742588236927986,4089.3508127469104
"[48, 19, 27, 14, 17, 70, 51, 11, 45, 17, 71, 60, 5, 61, 41, 60, 2, 38, 28, 2, 27, 77, 57, 69, 29, 26, 57, 42, 56, 74, 21, 60, 36, 62, 26, 20, 2, 31, 76, 16, 45, 44, 65, 13, 27, 35, 76, 28, 29, 44, 3, 56, 1, 41, 52, 49, 68, 53, 61, 71, 25, None, 17, 49, 34, 58, 78, 56, 29, 49, 75, 46, 64, 34, 62, 3, 21, 26, 48, 69]","[48, 69, 27, 14, 17, 70, 51, 11, 45, 17, 71, 60, 5, 61, 41, 49, 2, 38, 28, 60, 27, 77, 57, 15, 29, 26, 57, 42, 56, 74, 21, 60, 36, 62, 26, 20, 2, 31, 76, 16, 45, 44, 65, 13, 27, 35, 76, 28, 29, 44, 3, 56, 1, 41, 52, 49, 68, 53, 61, 71, 25, None, 17, 49, 34, 58, 78, 56, 29, 2, 75, 46, 64, 34, 62, 3, 21, 65, 76, 15]",5,5,23,5,0.0024495890829712152,4129.338616827037
"[55, 15, 74, 17, 62, 2, 43, 58, 17, 72, 46, 42, 41, 60, 58, 64, 46, 7, 52, 16, 46, 39, 37, 27, 15, 52, 51, 61, 12, 54, 25, 35, 71, 25, 32, 73, 58, 41, 27, 64, 1, 5, 37, 54, 79, 0, None, 61, 29, 7, 8, 62, 51, 10, 28, 42, 41, 36, 70, 17, 63, 43, 69, 49, 48, 51, 26, 5, 16, 11, 33, 19, 8, 58, 20, 54, 25, 16, 62, 55]","[55, 15, 74, 17, 62, 2, 43, 58, 17, 72, 46, 42, 54, 60, 58, 64, 46, 7, 52, 16, 46, 39, 37, 27, 15, 52, 51, 61, 12, 73, 25, 35, 31, 25, 32, 41, 58, 54, 27, 64, 1, 58, 37, 73, 79, 0, None, 61, 29, 7, 8, 62, 51, 10, 5, 42, 54, 36, 70, 17, 63, 43, 69, 49, 48, 51, 26, 5, 63, 11, 33, 19, 8, 28, 20, 73, 25, 16, 62, 55]",5,5,20,5,0.0024893840309232473,4173.906869266881
"[6, 16, 46, 13, 75, 21, 50, 70, 1, 7, 79, 17, 46, 45, 43, 28, 31, 2, 10, 7, 31, 19, 33, 71, 65, 22, 62, 43, None, 11, 40, 37, 45, 52, 16, 14, 26, 47, 6, 58, 56, 64, 61, 39, 26, 39, 30, 32, 28, 26, 66, 10, 59, 40, 15, 20, 49, 7, 33, 17, 14, 48, 61, 5, 79, 50, 43, 29, 13, 21, 66, 72, 63, 29, 12, 16, 46, 22, 70, 28]","[6, 16, 46, 13, 75, 21, 50, 70, 1, 7, 79, 17, 46, 45, 43, 28, 31, 2, 10, 7, 69, 19, 33, 8, 65, 22, 62, 43, None, 11, 40, 37, 45, 52, 32, 14, 26, 47, 6, 58, 56, 64, 61, 39, 26, 39, 30, 32, 28, 26, 66, 10, 59, 40, 12, 20, 49, 7, 33, 17, 14, 48, 61, 5, 79, 50, 43, 29, 13, 21, 66, 72, 63, 29, 15, 16, 46, 22, 70, 28]",5,5,18,5,0.0022668279707431793,4039.9694534679875
"[62, 51, 3, 44, 76, 75, 46, 59, 14, 57, 65, 8, 64, 76, 71, 46, 6, 29, 66, 32, 77, 2, 50, 53, 17, 50, 66, 6, 3, 40, 66, 38, 2, 6, 47, 31, 64, 40, 47, 12, 52, 63, 43, 39, 8, 38, None, 6, 77, 44, 47, 75, 4, 57, 24, 60, 67, 79, 14, 43, 36, 25, 47, 64, 71, 12, 45, 44, 66, 15, 50, 46, 35, 37, 63, 9, 16, 14, 47, 30]","[62, 51, 49, 44, 76, 75, 45, 59, 14, 57, 65, 8, 64, 76, 71, 45, 6, 29, 66, 32, 77, 2, 50, 53, 17, 50, 66, 6, 3, 40, 66, 38, 2, 38, 47, 31, 64, 40, 47, 12, 52, 63, 43, 39, 8, None, 6, 6, 15, 44, 47, 75, 4, 57, 24, 60, 67, 79, 14, 43, 36, 25, 47, 64, 71, 12, 33, 44, 66, 15, 50, 45, 35, 37, 63, 9, 16, 14, 47, 30]",5,5,21,5,0.0024508109781891108,4131.65284121898
"[41, 52, 28, 30, 17, 44, 52, 68, 30, 51, 47, 47, 31, 29, 5, 20, 72, 48, 26, 67, 28, 57, 0, 16, 23, 1, 37, 66, 73, 27, 61, 35, 36, 17, 63, 76, 49, 73, 10, 62, 67, 32, 76, 62, None, 70, 10, 18, 14, 1, 1, 65, 13, 12, 9, 8, 4, 65, 44, 35, 73, 60, 71, 21, 19, 76, 21, 56, 75, 33, 10, 58, 61, 77, 67, 5, 64, 66, 58, 68]","[41, 52, 28, 30, 17, 44, 52, 68, 30, 51, 47, 47, 31, 29, 56, 20, 72, 48, 26, 14, 28, 57, 0, 16, 5, 1, 37, 66, 73, 27, 61, 35, 36, 17, 63, 76, 49, 73, 10, 62, 14, 32, 69, 62, None, 70, 10, 18, 24, 1, 1, 65, 13, 12, 9, 8, 4, 65, 44, 23, 73, 60, 71, 21, 19, 76, 21, 35, 75, 33, 10, 58, 61, 77, 14, 5, 64, 66, 58, 68]",5,5,19,5,0.002573631936684251,4175.802354437066
"[39, 70, 32, 20, 24, 64, 42, 47, 25, 20, 33, 49, 32, 15, 38, 62, 73, 63, 66, 41, 14, 42, 74, 25, 75, 44, 7, 44, 62, 2, 21, 60, 78, 3, 10, 24, 26, 8, 60, 13, 58, 78, 7, 51, 58, 32, 8, 66, 26, 48, 27, 68, 45, 29, 79, 40, 69, 25, 66, 7, None, 75, 6, 5, 72, 16, 14, 52, 32, 67, 0, 15, 28, 14, 57, 55, 21, 74, 24, 30]","[39, 70, 19, 20, 24, 64, 42, 47, 25, 20, 33, 49, 32, 15, 68, 62, 73, 63, 66, 41, 14, 42, 74, 25, 75, 44, 7, 44, 62, 71, 21, 60, 78, 3, 10, 24, 26, 8, 32, 13, 58, 78, 7, 51, 58, 32, 8, 66, 26, 48, 27, 38, 45, 29, 79, 40, 69, 25, 66, 7, None, 75, 6, 5, 72, 16, 14, 52, 60, 67, 0, 45, 28, 14, 57, 55, 21, 74, 24, 30]",5,5,13,5,0.0024767499417066574,4092.4119283880573
"[29, 66, 17, 16, 73, 18, 79, 8, 50, 15, 70, 75, 64, 70, 4, 50, 7, 40, 6, 43, 4, 14, 12, 4, 8, 30, 67, 40, 77, 11, 36, 65, 42, 69, 72, 47, 73, 34, 24, 60, 45, 38, 52, 62, 67, 24, 0, 7, 68, 56, None, 65, 11, 1, 40, 23, 12, 60, 17, 52, 68, 30, 79, 10, 44, 39, 72, 75, 21, 35, 33, 34, 23, 67, 63, 38, 43, 35, 72, 59]","[29, 66, 17, 16, 73, 18, 34, 8, 50, 15, 70, 72, 64, 77, 4, 50, 7, 40, 71, 43, 4, 14, 12, 4, 8, 30, 67, 40, 77, 11, 36, 65, 42, 69, 72, 47, 73, 34, 24, 60, 45, 38, 52, 62, 67, 24, 0, 7, 68, 56, None, 65, 11, 1, 40, 23, 12, 60, 17, 52, 68, 30, 79, 10, 21, 39, 72, 75, 21, 35, 33, 79, 23, 67, 63, 38, 43, 35, 72, 59]",5,5,24,5,0.002349001122638583,4100.279014137108
"[15, 46, 6, 26, 64, 54, 24, 60, 37, 63, 37, 57, 11, 44, 5, 35, 35, 2, 58, 73, 33, 10, 0, None, 59, 77, 79, 73, 3, 3, 46, 41, 58, 38, 5, 47, 14, 7, 14, 50, 61, 48, 69, 46, 75, 37, 63, 12, 23, 38, 6, 67, 3, 1, 19, 62, 78, 29, 27, 57, 23, 55, 59, 3, 62, 34, 18, 20, 7, 74, 76, 12, 3, 10, 33, 38, 41, 67, 8, 23]","[15, 46, 6, 26, 64, 54, 24, 60, 37, 63, 37, 57, 11, 44, 5, 35, 35, 2, 58, 73, 33, 10, 0, None, 59, 77, 79, 73, 3, 3, 46, 55, 58, 38, 5, 47, 14, 7, 14, 50, 31, 48, 69, 46, 75, 37, 4, 12, 23, 38, 6, 67, 3, 1, 19, 62, 78, 29, 27, 57, 23, 41, 59, 3, 62, 19, 18, 20, 7, 74, 73, 12, 3, 10, 33, 38, 41, 67, 8, 23]",5,5,19,5,0.0023528479505330324,4095.4762995019555
"[9, 8, 63, 53, 10, 28, 60, 23, 72, 15, 48, 56, 26, 56, 7, 32, 59, 37, 34, 21, 58, 70, 17, 69, 65, 31, 71, 52, 27, 11, 41, 9, 19, 35, 55, 18, 11, 43, 24, 6, 6, 7, 47, 25, 74, 3, 68, 77, 68, 71, 70, 74, 42, 67, 33, 22, 25, 76, 1, 56, 56, 13, 66, 26, 4, 10, 6, 68, 14, 17, None, 5, 49, 77, 14, 15, 68, 69, 43, 67]","[9, 8, 63, 53, 10, 28, 60, 23, 72, 15, 48, 13, 26, 25, 15, 32, 59, 37, 34, 21, 58, 70, 17, 69, 65, 31, 71, 52, 27, 11, 41, 9, 19, 35, 55, 18, 11, 43, 24, 6, 6, 7, 47, 25, 74, 3, 68, 77, 63, 71, 70, 74, 42, 67, 33, 22, 77, 76, 1, 13, 13, 73, 66, 26, 4, 10, 6, 68, 14, 17, None, 5, 49, 13, 14, 15, 68, 69, 43, 67]",5,5,20,5,0.0026439130306243896,4165.430438061012
"[70, 48, 20, 6, 62, 9, 7, None, 29, 15, 15, 47, 37, 61, 40, 50, 40, 40, 4, 52, 36, 12, 9, 64, 77, 9, 41, 21, 39, 15, 11, 16, 31, 8, 49, 4, 15, 3, 35, 68, 51, 7, 36, 52, 10, 42, 79, 20, 47, 63, 53, 74, 26, 6, 2, 66, 25, 77, 64, 60, 30, 6, 0, 39, 40, 45, 12, 33, 16, 12, 52, 2, 7, 27, 6, 51, 68, 56, 42, 16]","[70, 48, 20, 6, 62, 9, 52, 26, 29, 15, 15, 67, 37, 55, 40, 50, 40, 40, 4, 7, 36, 12, 9, 64, 77, 9, 41, 21, 39, 15, 11, 16, 31, 8, 49, 4, 15, 3, 35, 68, 51, 52, 36, 7, 10, 42, 79, 20, 47, 63, 53, 74, None, 6, 2, 66, 25, 77, 64, 60, 30, 6, 0, 39, 40, 45, 12, 33, 16, 12, 7, 2, 52, 27, 6, 51, 68, 56, 42, 16]",5,5,15,4,0.0025298690889030695,40.3634147439152
"[30, 27, 34, 52, 53, 14, 79, 58, 75, 56, 66, 41, 10, 28, 62, 35, 28, 39, 25, 62, 23, 63, 73, 67, 13, 39, 15, 4, 8, 37, 5, 20, 5, 37, 24, 23, 42, 6, 0, 40, 33, 33, 19, 25, 9, 35, 43, 78, 27, 70, 56, 13, 65, 20, 46, 8, 61, 63, 34, 13, 49, 60, 45, 43, 68, 45, 32, 7, 65, 56, None, 46, 57, 41, 27, 49, 71, 17, 8, 30]","[30, 27, 77, 52, 53, 14, 79, 58, 75, 56, 66, 41, 10, 28, 62, 35, 28, 39, 15, 62, 23, 63, 73, 67, 13, 39, 25, 4, 8, 37, 5, 20, 5, 37, 24, 23, 42, 6, 13, 40, 33, 33, 19, 25, 9, 35, 43, 78, 27, 70, 56, 13, 65, 20, 46, 8, 61, 63, 34, 13, 49, 60, 45, 43, 68, 45, 32, 7, 35, 56, None, 46, 57, 41, 27, 49, 71, 17, 8, 30]",5,5,17,5,0.0023431999143213034,4031.1621754730586
"[2, 40, 11, 77, 61, 21, 51, 25, 77, 2, 21, 54, 6, 62, 37, 51, 22, 26, 36, 11, 52, 8, 74, 17, 36, 31, 9, 34, 70, 8, 21, 4, 7, 44, 62, 40, 66, 25, 36, 30, 78, 18, 57, 41, 21, 49, 51, 59, 1, 73, 23, 31, 15, 59, 78, 34, 60, 11, 37, 32, 62, None, 50, 0, 78, 27, 6, 12, 17, 60, 15, 4, 76, 35, 29, 45, 41, 59, 39, 56]","[2, 40, 11, 77, 61, 21, 51, 25, 77, 2, 21, 54, 6, 62, 37, 51, 22, 26, 34, 11, 52, 8, 74, 17, 36, 31, 9, 34, 70, 8, 21, 4, 7, 44, 62, 40, 66, 25, 36, 30, 78, 47, 57, 41, 21, 49, 51, 36, 1, 73, 23, 31, 15, 59, 78, 59, 60, 26, 37, 32, 62, None, 50, 0, 78, 27, 6, 12, 17, 60, 15, 4, 76, 35, 75, 45, 41, 59, 39, 56]",5,5,19,5,0.002320057014003396,4077.3765492718667
"[58, 17, 6, 37, 10, 7, 37, 17, 56, 76, 31, 10, 40, 18, 52, 10, 31, 77, 2, 78, 75, 71, 33, 14, 59, 48, 33, 56, 79, 44, 7, 20, 16, 74, 69, 64, 25, 66, 14, 0, 36, 19, 33, 20, 9, 60, 66, 36, 45, 7, 41, 72, 18, 41, 60, 58, 59, 56, 54, 51, 33, 6, 0, 22, 8, 46, 22, 44, 3, 1, 6, 50, 4, 18, 4, None, 64, 23, 26, 53]","[58, 17, 6, 37, 10, 7, 37, 17, 56, 3, 31, 10, 40, 18, 52, 10, 31, 77, 2, 78, 75, 71, 33, 14, 59, 48, 33, 56, 79, 73, 7, 20, 16, 74, 69, 64, 25, 66, 14, 0, 36, 19, 33, 20, 18, 60, 66, 36, 45, 7, 41, 72, 18, 41, 60, 58, 59, 56, 54, 38, 33, 6, 70, 22, 8, 46, 22, 73, 3, 1, 6, 50, 4, 9, 4, None, 64, 23, 26, 53]",5,5,15,5,0.002414973918348551,4103.550137486076
"[64, 72, 19, 41, 55, 31, 38, 48, 75, 7, 75, None, 71, 52, 33, 8, 40, 14, 78, 46, 55, 75, 27, 58, 1, 69, 52, 26, 52, 47, 5, 68, 56, 11, 73, 17, 68, 4, 41, 2, 28, 44, 1, 44, 2, 46, 34, 45, 37, 22, 51, 37, 24, 33, 59, 8, 25, 62, 47, 79, 64, 79, 0, 22, 51, 19, 4, 51, 40, 67, 3, 6, 78, 33, 38, 65, 28, 32, 43, 29]","[64, 72, 19, 41, 55, 31, 38, 56, 75, 7, 75, None, 71, 52, 33, 25, 40, 14, 78, 46, 55, 75, 27, 58, 1, 69, 8, 48, 52, 47, 5, 68, 15, 11, 73, 17, 68, 4, 41, 2, 28, 44, 1, 44, 2, 46, 34, 45, 52, 22, 51, 37, 24, 33, 59, 8, 37, 62, 47, 79, 64, 79, 0, 22, 51, 19, 4, 51, 40, 67, 3, 6, 78, 33, 38, 65, 28, 32, 43, 29]",5,5,14,4,0.002440091921016574,435.4757394690532
"[22, 59, 48, 14, 79, 48, 44, 35, 9, 53, 38, 64, 19, 76, 6, 6, 78, 8, 56, 29, 4, 56, 72, 77, 3, 30, 73, 51, None, 55, 22, 75, 11, 0, 11, 21, 0, 26, 61, 29, 24, 63, 71, 23, 30, 72, 52, 23, 68, 6, 17, 7, 39, 69, 9, 28, 78, 65, 3, 55, 57, 0, 45, 21, 72, 36, 44, 53, 16, 3, 6, 31, 59, 55, 65, 53, 14, 61, 72, 62]","[22, 59, 48, 14, 79, 48, 44, 35, 9, 53, 38, 64, 19, 76, 6, 6, 78, 8, 56, 29, 4, 56, 72, 77, 3, 30, 73, 51, None, 55, 22, 75, 11, 0, 11, 21, 0, 53, 61, 29, 24, 63, 71, 23, 30, 72, 52, 23, 68, 6, 17, 7, 39, 69, 9, 28, 78, 65, 3, 55, 57, 0, 45, 21, 72, 36, 44, 26, 16, 3, 6, 31, 59, 47, 65, 53, 16, 61, 62, 62]",5,5,20,5,0.002278832020238042,4077.5420580049977
"[68, 56, 54, 12, 47, 15, 55, 14, 78, 26, 1, 58, 42, 63, 28, 33, 32, 31, 76, 55, 47, 39, 76, 2, 51, 26, None, 1, 79, 10, 53, 2, 18, 26, 79, 34, 0, 13, 53, 6, 44, 22, 0, 2, 25, 72, 1, 76, 15, 42, 51, 29, 76, 4, 63, 41, 54, 48, 26, 55, 36, 42, 20, 79, 63, 46, 14, 14, 58, 28, 19, 2, 49, 50, 71, 43, 44, 47, 15, 32]","[68, 56, 54, 12, 47, 15, 55, 57, 78, 26, 1, 5, 42, 63, 48, 33, 32, 31, 76, 55, 47, 39, 76, 2, 51, 26, None, 1, 79, 10, 53, 2, 18, 26, 79, 34, 1, 13, 53, 6, 44, 22, 0, 2, 25, 72, 1, 76, 15, 42, 51, 29, 76, 4, 63, 41, 54, 28, 26, 55, 36, 42, 20, 79, 63, 46, 57, 57, 58, 28, 19, 2, 49, 50, 71, 43, 44, 47, 15, 32]",5,5,12,4,0.002355999080464244,39.75162607198581
"[22, 46, 78, 32, 21, 62, 42, 45, 1, 37, 21, 59, 73, 50, 1, 64, 17, 77, 55, 47, 13, 58, 38, 70, None, 20, 14, 15, 39, 43, 62, 32, 50, 73, 5, 62, 66, 13, 62, 15, 1, 58, 79, 21, 14, 71, 0, 58, 28, 45, 36, 63, 75, 8, 32, 19, 4, 72, 76, 48, 36, 6, 6, 4, 32, 49, 24, 73, 2, 8, 63, 72, 58, 10, 45, 51, 15, 4, 39, 75]","[22, 46, 78, 32, 21, 62, 42, 45, 1, 37, 21, 59, 73, 50, 1, 64, 17, 77, 55, 47, 13, 58, 38, 70, None, 20, 14, 20, 39, 43, 62, 32, 50, 73, 5, 62, 66, 13, 62, 15, 1, 72, 79, 21, 14, 41, 0, 58, 28, 45, 36, 63, 75, 8, 32, 19, 4, 72, 76, 48, 36, 6, 17, 4, 32, 49, 24, 73, 2, 8, 63, 45, 58, 10, 58, 51, 15, 4, 39, 75]",5,5,19,5,0.0022942351642996073,4103.19438151503
"[53, 38, None, 50, 52, 39, 39, 39, 28, 27, 16, 29, 0, 7, 78, 72, 26, 2, 25, 36, 29, 31, 69, 65, 61, 14, 8, 78, 72, 37, 27, 69, 59, 17, 8, 65, 26, 70, 18, 37, 49, 12, 51, 30, 73, 68, 22, 51, 34, 14, 37, 19, 20, 14, 26, 14, 24, 30, 42, 42, 64, 33, 0, 21, 4, 55, 24, 15, 51, 41, 24, 15, 25, 71, 20, 30, 26, 10, 29, 9]","[53, 7, None, 50, 52, 39, 39, 18, 28, 27, 16, 29, 0, 60, 78, 72, 26, 2, 25, 36, 29, 31, 69, 65, 61, 14, 8, 78, 72, 37, 27, 69, 59, 17, 39, 65, 26, 70, 6, 37, 49, 12, 51, 30, 73, 68, 22, 51, 38, 14, 37, 19, 20, 14, 26, 14, 24, 30, 42, 42, 64, 33, 0, 21, 4, 55, 24, 15, 51, 41, 24, 15, 25, 71, 20, 30, 26, 10, 29, 9]",5,5,11,5,0.002381123835220933,4077.9296192089096
"[63, 28, 51, 56, 31, 65, 46, 26, 26, 43, 4, 62, 19, 18, 24, 76, 64, 66, 59, 68, 19, 64, 14, 40, 20, 31, 38, 14, 65, 27, 16, 6, 1, 64, 1, 74, 26, 50, 51, 33, 72, 30, 57, 31, 54, 41, 77, 33, 13, 63, 59, 44, 55, 67, 5, 15, 55, 15, 71, 35, 6, 11, 78, 6, 73, 22, 0, 75, 62, 70, 67, 39, 26, 65, 76, 11, None, 55, 43, 37]","[63, 28, 51, 56, 31, 65, 46, 26, 26, 43, 4, 62, 19, 18, 68, 24, 64, 66, 59, 76, 19, 64, 14, 40, None, 31, 38, 14, 65, 27, 16, 6, 1, 64, 1, 74, 26, 50, 51, 33, 72, 30, 57, 31, 57, 41, 77, 33, 13, 63, 59, 44, 55, 67, 5, 15, 55, 15, 71, 21, 6, 11, 78, 6, 73, 22, 0, 75, 20, 70, 67, 39, 26, 65, 24, 11, 62, 55, 43, 37]",5,5,15,5,0.0025414300616830587,4152.272280934034
"[27, 23, 73, 1, 30, 77, 46, 53, 44, 1, 59, 15, 72, 67, 19, 67, 34, 5, 37, 49, 64, 48, 23, None, 47, 78, 44, 71, 59, 23, 54, 51, 27, 58, 37, 50, 44, 43, 50, 36, 48, 50, 70, 1, 9, 36, 2, 63, 75, 40, 18, 1, 60, 63, 56, 45, 17, 45, 78, 56, 59, 32, 43, 1, 66, 7, 60, 42, 52, 42, 3, 1, 50, 15, 27, 30, 57, 15, 21, 11]","[77, 23, 73, 1, 30, 27, 46, 53, 44, 1, 59, 15, 72, 67, 19, 67, 34, 0, 37, 50, 64, 48, 23, None, 47, 78, 44, 71, 64, 23, 54, 51, 27, 58, 37, 50, 44, 43, 50, 36, 48, 50, 70, 1, 9, 36, 2, 63, 75, 40, 18, 1, 60, 63, 56, 45, 17, 45, 78, 56, 59, 32, 15, 1, 66, 7, 60, 42, 52, 42, 3, 1, 50, 15, 27, 30, 57, 15, 21, 11]",5,5,20,5,0.0023336729500442743,4072.886913944967
"[25, 7, 42, 34, 42, 70, 58, 62, 67, 37, 26, 2, 57, 15, 71, 73, 11, 52, 21, 73, 57, 77, 39, 59, 37, 67, 76, 47, 70, 30, 16, 20, 66, 56, 38, 27, 74, 47, None, 8, 77, 17, 18, 39, 34, 71, 16, 14, 36, 17, 31, 12, 56, 56, 68, 42, 44, 40, 72, 52, 41, 77, 32, 38, 69, 37, 59, 79, 72, 35, 24, 36, 21, 33, 34, 51, 48, 71, 79, 63]","[25, 7, 42, 34, 42, 70, 58, 62, 75, 37, 26, 2, 57, 15, 71, 73, 11, 45, 21, 73, 57, 77, 39, 59, 37, 67, 76, 47, 70, 30, 16, 20, 52, 56, 38, 27, 74, 47, None, 8, 77, 17, 18, 39, 34, 56, 16, 14, 36, 17, 31, 12, 59, 56, 68, 42, 44, 40, 72, 45, 41, 77, 32, 38, 32, 37, 71, 79, 72, 35, 24, 36, 21, 33, 34, 51, 48, 71, 79, 63]",5,5,15,5,0.0024956448469311,4094.5379187199287
"[8, 40, 21, 79, 2, 34, 54, 79, 37, 12, 5, 45, 65, 72, 19, 29, 9, 46, 61, 45, 76, 66, 18, 78, 22, 66, 41, 77, 70, 74, 66, 24, 43, 67, 58, 66, 52, 19, 71, 72, 43, 34, 50, 7, 31, 49, 66, 41, 32, 42, 30, 12, 33, 56, 58, 43, None, 12, 14, 14, 44, 58, 19, 19, 47, 24, 53, 46, 25, 46, 37, 66, 76, 3, 71, 51, 47, 74, 16, 37]","[8, 40, 21, 79, 2, 34, 54, 79, 37, 12, 14, 45, 65, 72, 19, 29, 9, 46, 61, 45, 5, 66, 18, 78, 22, 66, 41, 77, 70, 74, 66, 24, 43, 67, 10, 66, 52, 19, 71, 72, 43, 34, 50, 7, 31, 49, 66, 41, 32, 42, 30, 12, 33, 56, 10, 43, None, 12, 76, 14, 44, 10, 19, 19, 47, 24, 53, 31, 25, 59, 37, 66, 76, 3, 71, 51, 47, 74, 16, 37]",5,5,21,5,0.002484611002728343,4097.61183630093
"[53, 46, 43, 45, 48, 71, 15, 2, 11, 61, 42, 43, 31, 38, 50, 62, 3, 8, 2, 6, 0, 54, 6, 35, 4, 74, 9, 26, 13, 37, 21, 21, 58, 11, 72, 42, 3, 15, 16, 59, 36, 35, 76, 39, 77, 66, 14, 29, 74, 36, 44, 21, 68, 43, 9, 11, 73, 68, 51, None, 19, 6, 33, 69, 12, 54, 10, 69, 74, 30, 35, 45, 75, 9, 22, 79, 56, 56, 35, 0]","[53, 46, 43, 9, 48, 71, 15, 2, 11, 61, 42, 43, 31, 38, 50, 62, 73, 8, 2, 6, 0, 54, 6, 35, 4, 74, 9, 78, 13, 37, 21, 21, 58, 11, 72, 42, 73, 15, 16, 59, 36, 35, 77, 39, 77, 66, 14, 29, 74, 36, 44, 21, 68, 43, 9, 11, 3, 68, 51, None, 19, 6, 33, 69, 12, 54, 10, 69, 74, 30, 35, 45, 75, 45, 22, 79, 56, 56, 35, 0]",5,5,18,4,0.0024540498852729797,39.616760070901364
"[63, 16, 45, 56, 7, 40, 29, 16, 41, 10, 61, 30, 53, 9, 36, 66, 60, 15, 0, 68, 5, 33, 8, 45, 53, 49, 62, 1, 48, 2, 55, 27, 70, 52, 26, None, 63, 26, 30, 44, 70, 71, 68, 71, 28, 38, 28, 0, 35, 60, 32, 34, 62, 33, 46, 19, 18, 38, 25, 1, 34, 54, 10, 65, 67, 50, 5, 42, 22, 33, 23, 7, 1, 48, 61, 29, 4, 13, 43, 48]","[63, 40, 45, 56, 7, 16, 29, 40, 41, 10, 61, 30, 53, 9, 36, 66, 70, 15, 0, 68, 5, 33, 8, 45, 53, 49, 62, 1, 48, 46, 55, 27, 70, 52, 26, None, 63, 26, 30, 44, 60, 71, 68, 71, 28, 38, 28, 0, 35, 46, 32, 34, 62, 33, 46, 19, 18, 38, 25, 1, 34, 54, 10, 65, 67, 50, 5, 42, 22, 33, 23, 7, 1, 75, 61, 29, 4, 13, 43, 48]",5,5,20,5,0.002451926004141569,4115.92734220298
"[13, 53, 31, 25, 55, 1, 29, 36, 55, 10, 5, 42, 62, 25, 28, 42, 71, 67, 47, 46, 48, 24, 56, 68, 10, 43, 47, 52, 76, 16, 14, 15, 21, 58, 50, 14, 73, 48, 60, 64, 58, 0, 66, 12, 6, 18, 54, 24, 66, 75, 58, 67, 50, 23, 6, 47, 35, 7, 53, 46, 36, 28, 77, 15, 48, 49, 65, 0, None, 76, 53, 79, 15, 79, 62, 3, 8, 59, 73, 4]","[13, 53, 76, 25, 55, 1, 29, 38, 55, 33, 5, 42, 62, 25, 28, 42, 71, 67, 47, 46, 48, 24, 56, 68, 10, 43, 47, 52, 61, 16, 14, 28, 21, 58, 50, 14, 73, 48, 60, 64, 58, 0, 66, 12, 6, 18, 54, 24, 66, 75, 58, 67, 50, 23, 6, 47, 35, 7, 53, 46, 36, 8, 77, 15, 48, 49, 65, 0, None, 61, 53, 79, 15, 79, 62, 3, 15, 59, 73, 4]",5,5,16,5,0.002444218145683408,4136.672930890927
"[77, 13, 63, 48, 37, 79, 38, 13, 33, 66, 46, None, 77, 0, 11, 48, 7, 9, 31, 12, 54, 75, 25, 74, 2, 10, 10, 43, 53, 79, 11, 6, 29, 30, 8, 59, 52, 58, 72, 12, 72, 50, 65, 59, 76, 32, 69, 31, 14, 17, 58, 3, 34, 62, 57, 11, 60, 25, 34, 79, 18, 31, 70, 26, 50, 39, 55, 6, 11, 21, 19, 61, 25, 33, 47, 66, 41, 72, 28, 18]","[77, 13, 63, 48, 37, 79, 38, 13, 33, 66, 46, None, 77, 0, 11, 48, 7, 9, 31, 12, 54, 6, 25, 74, 2, 10, 10, 43, 53, 79, 11, 6, 29, 30, 8, 59, 52, 58, 72, 12, 72, 39, 41, 59, 76, 32, 69, 31, 14, 17, 58, 3, 34, 62, 57, 11, 60, 25, 34, 79, 18, 31, 70, 26, 29, 75, 55, 50, 11, 65, 19, 61, 25, 33, 47, 66, 67, 72, 28, 18]",5,5,19,5,0.0025502180214971304,4119.884468266973
"[77, 55, 47, 38, 56, 50, 10, 69, 37, 8, 68, 46, 1, 52, 23, 38, 50, 36, 32, 72, 58, 46, 38, 68, 56, 19, 57, 43, 33, 61, 56, 47, 1, 0, 57, 39, 29, 62, 56, 7, 54, 33, 20, 32, 20, 13, 1, 54, 4, 5, 30, 60, 67, 24, 72, 78, 73, 10, 49, 35, 0, 14, 57, 28, 59, 44, 43, 71, None, 21, 29, 0, 61, 2, 76, 67, 8, 18, 23, 48]","[77, 55, 47, 38, 56, 50, 10, 69, 37, 8, 68, 46, 39, 52, 23, 38, 50, 36, 32, 35, 58, 46, 38, 68, 56, 19, 57, 43, 33, 61, 56, 47, 1, 0, 57, 61, 29, 62, 56, 7, 1, 33, 20, 44, 20, 13, 1, 54, 4, 5, 30, 60, 67, 24, 35, 78, 73, 10, 49, 12, 0, 14, 57, 28, 59, 44, 43, 71, None, 21, 29, 0, 54, 2, 76, 67, 8, 18, 23, 48]",5,5,19,5,0.00244964100420475,4114.5645283670165
"[35, 27, 34, 12, 37, 65, 43, 16, 70, 31, 0, 37, 68, 63, 40, 64, 8, 46, 26, 64, 1, 9, 12, 5, 55, 15, 21, 7, 12, 21, 59, 56, 49, 66, 0, 22, 48, 44, 39, 52, 26, 15, 29, 21, 71, 31, 3, 41, 58, 6, 5, 42, 58, 51, 51, 72, 3, 67, 60, 42, None, 65, 25, 0, 16, 36, 70, 26, 33, 29, 65, 62, 67, 69, 28, 37, 65, 64, 76, 27]","[35, 22, 34, 12, 37, 65, 43, 16, 70, 31, 0, 37, 68, 63, 40, 20, 8, 46, 26, 20, 16, 9, 12, 5, 55, 15, 21, 7, 12, 21, 59, 56, 49, 66, 0, 22, 48, 44, 39, 52, 26, 15, 29, 11, 71, 31, 3, 41, 58, 6, 21, 42, 58, 51, 51, 72, 3, 67, 60, 42, None, 65, 25, 0, 1, 36, 70, 26, 33, 29, 65, 62, 67, 69, 28, 37, 65, 20, 76, 27]",5,5,19,5,0.0025188210420310497,4101.7707239671145
"[5, 38, 35, 59, 54, 53, 25, 73, 32, 27, 17, 44, 18, 15, 20, 5, 40, 69, 41, 32, 41, 40, 10, 69, 34, 4, 7, 67, 63, 69, 45, 59, 12, 79, 2, 77, 66, 4, 41, 52, 11, 60, 53, 78, 27, 4, 45, 64, 32, 26, 29, 0, 56, 23, 32, 69, 17, 39, 34, 21, 79, None, 49, 66, 3, 24, 61, 54, 13, 16, 61, 15, 34, 47, 55, 64, 14, 38, 79, 36]","[5, 38, 35, 59, 54, 53, 25, 73, 32, 27, 17, 44, 18, 15, 20, 5, 40, 69, 41, 54, 41, 40, 10, 69, 69, 4, 7, 19, 63, 69, 45, 59, 12, 79, 2, 77, 66, 4, 41, 52, 11, 60, 53, 78, 27, 4, 45, 64, 32, 26, 29, 0, 56, 23, 32, 69, 17, 39, 34, 21, 79, None, 49, 66, 3, 24, 61, 13, 32, 16, 61, 15, 34, 47, 55, 64, 14, 38, 79, 36]",5,5,15,4,0.0023798400070518255,39.17239323700778
"[18, 75, 7, 72, 37, 74, 73, 15, 36, 6, 21, 0, 58, 60, 60, 20, 37, 63, 5, 4, 21, 30, 35, 54, 51, 71, 42, 49, 17, 15, 61, 4, 1, 74, 16, 40, 18, None, 66, 31, 11, 63, 67, 17, 6, 23, 40, 75, 29, 26, 8, 39, 73, 48, 60, 20, 61, 28, 45, 42, 19, 24, 35, 39, 5, 38, 73, 51, 10, 34, 54, 39, 39, 41, 59, 37, 3, 23, 22, 13]","[18, 75, 7, 72, 37, 74, 73, 15, 36, 13, 21, 0, 58, 60, 60, 20, 37, 63, 5, 4, 21, 30, 35, 71, 51, 71, 42, 49, 17, 15, 61, 4, 1, 11, 16, 33, 18, None, 66, 31, 8, 63, 67, 17, 6, 23, 33, 75, 29, 26, 74, 39, 73, 48, 60, 20, 61, 28, 45, 42, 19, 24, 35, 39, 5, 38, 73, 51, 10, 34, 54, 39, 39, 41, 59, 37, 3, 23, 22, 13]",5,5,20,5,0.002445171819999814,4083.026287456043
"[35, 34, 55, 42, 33, 0, 65, 35, 14, 66, 30, 6, 60, 70, 10, 5, 14, 43, 56, 1, None, 16, 64, 8, 71, 61, 30, 20, 0, 10, 55, 46, 29, 8, 66, 63, 60, 1, 33, 23, 17, 8, 51, 29, 2, 8, 10, 0, 26, 28, 74, 31, 26, 17, 62, 27, 11, 48, 31, 64, 38, 52, 60, 33, 49, 30, 12, 70, 12, 62, 16, 65, 79, 63, 21, 6, 10, 54, 31, 19]","[35, 34, 8, 42, 33, 0, 65, 35, 27, 66, 30, 6, 60, 14, 10, 5, 14, 43, 56, 1, None, 16, 64, 13, 71, 61, 30, 20, 0, 56, 8, 2, 29, 13, 66, 63, 60, 1, 33, 23, 17, 13, 51, 29, 2, 13, 10, 0, 26, 28, 74, 31, 26, 17, 62, 70, 11, 48, 31, 64, 38, 52, 60, 33, 49, 30, 12, 70, 12, 62, 16, 65, 79, 63, 21, 6, 10, 54, 31, 19]",5,5,25,5,0.0024429280310869217,4199.366775440052
"[36, 35, 17, 72, 79, 60, 66, 9, 75, 56, 0, 18, 4, 1, 69, 72, 70, 28, 27, 28, 0, 79, 49, 35, 21, 0, 34, 36, 11, 7, 20, 35, 50, 3, 18, 28, None, 56, 9, 1, 63, 72, 66, 75, 16, 5, 23, 12, 38, 75, 55, 19, 60, 34, 69, 33, 44, 32, 36, 62, 44, 52, 24, 22, 37, 11, 58, 16, 35, 2, 47, 16, 46, 26, 29, 50, 20, 4, 44, 69]","[36, 35, 17, 9, 79, 60, 66, 72, 75, 56, 0, 18, 4, 15, 69, 72, 70, 28, 27, 28, 0, 79, 49, 35, 21, 0, 34, 36, 11, 3, 20, 35, 50, 7, 18, 28, None, 56, 9, 1, 63, 10, 66, 75, 16, 5, 23, 12, 38, 75, 55, 19, 60, 34, 69, 33, 44, 32, 36, 62, 44, 52, 24, 22, 37, 11, 58, 16, 35, 2, 47, 16, 46, 26, 29, 50, 20, 4, 44, 69]",5,5,13,4,0.0023637479171156883,39.71658397000283
"[36, 28, 6, 33, 35, 59, 11, 71, 18, 38, 34, 32, 57, 5, 7, 60, 56, 48, 30, 73, 25, 57, 29, 69, 38, 71, 10, 36, 75, 39, 5, 52, 36, 50, 50, 1, 31, 49, 66, 49, 70, 43, 17, 36, 26, 47, 73, None, 38, 23, 55, 12, 29, 62, 38, 47, 49, 69, 75, 36, 23, 3, 39, 52, 61, 12, 77, 75, 32, 74, 28, 17, 65, 26, 1, 34, 34, 47, 39, 71]","[36, 28, 6, 59, 35, 33, 11, 71, 18, 38, 34, 32, 57, 5, 7, 60, 56, 27, 30, 73, 25, 57, 29, 69, 45, 71, 10, 36, 75, 39, 5, 52, 36, 36, 50, 1, 31, 49, 66, 49, 70, 43, 17, 36, 26, 47, 73, None, 38, 23, 55, 12, 29, 62, 38, 47, 49, 69, 75, 50, 23, 7, 39, 52, 61, 12, 77, 75, 32, 74, 28, 17, 65, 26, 1, 34, 34, 47, 39, 71]",5,5,18,5,0.002293115947395563,4094.677794062067
"[8, 75, 14, 50, 26, 67, 18, 41, 20, 14, 55, 15, 1, 19, 39, 10, 19, 18, 28, 4, 46, 68, 42, 5, 20, 66, 21, 49, 40, 33, 65, 58, 8, 55, 67, 45, 47, 51, 46, 53, 76, 21, 54, 51, 0, 43, 27, 1, 21, 74, 8, 1, 72, 77, 48, 74, 29, 67, 67, 53, 67, 55, 14, 49, 3, 60, 24, None, 25, 59, 47, 65, 9, 41, 30, 0, 22, 38, 10, 54]","[21, 75, 14, 50, 0, 67, 18, 41, 20, 14, 55, 15, 1, 19, 39, 10, 19, 18, 28, 4, 46, 68, 42, 5, 20, 66, 67, 49, 40, 33, 65, 26, 8, 55, 67, 45, 47, 51, 46, 53, 76, 21, 54, 51, 58, 43, 27, 1, 21, 74, 8, 1, 72, 77, 4, 74, 29, 67, 8, 53, 67, 55, 14, 49, 3, 60, 24, None, 25, 59, 47, 65, 9, 41, 30, 58, 22, 38, 10, 2]",5,5,18,5,0.0024859069380909204,4122.592135501094
